{
  "project_info": {
    "project_number": "933369135505",
    "project_id": "humti-dumti-9fd2d",
    "storage_bucket": "humti-dumti-9fd2d.firebasestorage.app"
  },
  "client": [
    {
      "client_info": {
        "mobilesdk_app_id": "1:933369135505:android:9441ece2cdc8606baf5a30",
        "android_client_info": {
          "package_name": "com.example.humtidumti"
        }
      },
      "oauth_client": [],
      "api_key": [
        {
          "current_key": "AIzaSyAw_FiBcOuhmba7YNhnbcMw_H7IkCVFrS8"
        }
      ],
      "services": {
        "appinvite_service": {
          "other_platform_oauth_client": []
        }
      }
    }
  ],
  "configuration_version": "1"
}